"As much as anyone else,I have called out the shortcomings in the initial response to #HurricaneMaria in #PuertoRico but.... (cont) 1/2",17
Nothing is more important than saving the Affordable Care Act from another cruel effort to take health care away from millions of people.,3
#TaxRelief 4 working families depends almost entirely on our plan with @IvankaTrump @SenMikeLee to increase‚Ä¶ https://t.co/CMt23CCVcW,17
RT @lcppresident: A great new program for skills in high demand https://t.co/Mux0NwR43Y,9
Evidently the GOP believe the single most important issue facing our nation is to let employers deny women access to birth control coverage.,2
"Happy birthday to my good friend, @SteveScalise. Glad to have you back in the People's House. https://t.co/obpoghp6U1",18
My thoughts and prayers are with the families and victims of the Las Vegas shooting,20
"RT @FoxBusiness: .@RepDianeBlack: ""This is the most conservative budget in over 20 years... We're going to be passing this budget on the fl‚Ä¶",22
What a joy! Ran into a newborn @bhset in Beaumont during #Harvey they had to evacuate 8 premature babies https://t.co/xVq0d3FO0I,20
"RT @MeetThePress: .@JimWebbUSA: ""I'm comfortable with my vote. My vote is private to me...I did not endorse Hillary Clinton."" #MTP",6
"RT @realDonaldTrump: Our great team at @FEMA is prepared for #HurricaneNate. Everyone in LA, MS, AL, and FL please listen to your local aut‚Ä¶",19
"RT @SenatorDurbin: Illinois would be robbed of $1.4 billion, forcing benefits to be slashed &amp; millions of Illinoisans to lose their health‚Ä¶",9
Below are a few of my thoughts on this principled post by @SenMikeLee - https://t.co/wdeveKRdxh https://t.co/wnSrA9fqlo,15
"Logic? I want to give parents the power to save innocent life, not the power to take innocent life. Not just about‚Ä¶ https://t.co/XZC7url7ir",12
"This video from my local bookstore @scatteredbooks in Chappaqua put a smile on my face! Love the soundtrack, too. https://t.co/AjHMc82Ow5",3
"Republicans say, ""We don't want to hurt Medicare."" Then why does their budget cut it by $473 billion? https://t.co/0fcwwtTMaK",1
The #TaxReform train is on the tracks &amp; it's moving so that you wake up on New Year's Day 2018 with a new tax code. https://t.co/Beub0GYZR6,18
RT @bidenfoundation: The Bidens caught up with @BarackObama and Prince Harry before cheering on Team USA today at @InvictusToronto. https:/‚Ä¶,7
Interview with President  on my new TBN show! https://t.co/v8CZYMc7D1,16
Seeing some of the flooding damage from #Harvey in Port Arthur https://t.co/mHiKD7ePTO,20
"It's ok, @FoxNews! We can agree that @WellsFargo CEO should be fired. This isn't about politics. It's about protect‚Ä¶ https://t.co/5WwKiL46kX",2
Incentives for companies like @Equifax are out of whack. Consumers should control their own data. Execs should face consequences for neglect,2
Of course now is the time to talk about gun safety. https://t.co/uYkiUwFngr,5
.@WheelerMission is working every day to extend a hand to IN's homeless. Volunteer your time this holiday season:‚Ä¶ https://t.co/usS9H321Q8,21
"Today's Title IX decision is shameful, but the law is still the law. Colleges &amp; universities must honor obligations to students &amp; survivors.",7
"RT @jackhunter74: After the latest Obamacare repeal failed, Trump says let‚Äôs try¬†@RandPaul‚Äôs free market idea instead | Rare https://t.co/g‚Ä¶",24
Talking #harvey recovery with @GovAbbott &amp; @georgepbush before we tour damage in Port Arthur https://t.co/CHHS8A2aJI,20
We all know John is a warrior and he will fight this with same valor that has defined every aspect of his life.,15
"RT @DrBiden: On this heartbreaking day, our love to families who lost loved ones &amp; gratitude to first responders in #LasVegas.",7
RT @RDHOnAMission: Thank you @asteinbock for discussing the state of KY oral health with the office of @RandPaul Smile4Health KYOralHealth‚Ä¶,24
RT @RepAndyHarrisMD: Celebrated #manufacturingday yesterday with @SpeakerRyan at Dixon Valve &amp; Coupling - a local MD biz that's grown into‚Ä¶,18
Looking forward to joining @mariabartiromo tomorrow on @MorningsMaria at 8am. Hope that you can tune in!,15
"#GrahamCassidy doesn't amend ACA insurance regs on pre-existing condition, gives states flexibility on how to provi‚Ä¶ https://t.co/rDN4Uu7yFF",12
"On the new @UDBidenInst blog, @PennyPritzker, @Airbnb &amp; @LinkedIn share strategies to help American workers succeed: https://t.co/ZMPkwBcBsu",7
Harvard's about-face deserves credit; not easy to admit being wrong.,13
"RT @rareliberty: After the latest Obamacare repeal failed, Trump says let‚Äôs try¬†@RandPaul‚Äôs free market idea instead https://t.co/nILiTKp4Ue",24
RT @ENERGY: More help is on the way: 41 employees from Jacksonville Energy Agency (@NewsfromJEA) headed to Puerto Rico: https://t.co/H6khql‚Ä¶,19
"RT @Indiana_EDC: Forest River announced plans to expand in #IN, creating up to 425 new jobs &amp; marking another milestone for #IN's RV indust‚Ä¶",21
RT @MiamiHerald: We regret that a previous headline misstated @Lin_Manuel's stance. It has been corrected. @marcorubio https://t.co/htpYLx5‚Ä¶,17
"RT @ENERGY: BLOG: Learn how we help American manufacturers innovate, save energy, and strengthen the economy ‚ûú https://t.co/arw7AJzL93 #MFG‚Ä¶",19
Touring the @Cityofbmt #Harvey command center https://t.co/KWFfGvmyIH,20
Before millions are subjected to another data breach like @Equifax ‚Äì we must do something about it. That‚Äôs why I in‚Ä¶ https://t.co/ZnisL3cUJr,2
Was Old Hickory a Monster? https://t.co/Fiio3K7cwx,6
"As Puerto Rico and US Virgin Islands rebuild, I urge banks to consider waiving ATM fees, increasing withdrawal limits and waiving late fees.",5
"Yesterday, I introduced a bill to address this ‚Üí H.R.3988. https://t.co/R0nrJOoHvn #TaxReform",22
RT @benpowelltv: .@RepMarkWalker says he's used to working at @WhiteHouse in DC. But he's especially excited to have @POTUS in Greensboro t‚Ä¶,22
"Las Vegas, we are grieving with you‚Äîthe victims, those who lost loved ones, the responders, &amp; all affected by this cold-blooded massacre.",3
The other two years Michigan ranked #2 nationally. #MiMFGWeek https://t.co/2xv85ef6WD,10
John Kerry took James Taylor to France to sing You've Got a Friend. Rex Tillerson on way to NOKO w/ Taylor who will sing Fire and Rain,16
It's #ManufacturingDay in America‚Äîa day to celebrate the work &amp; people who drive innovation all across the country.‚Ä¶ https://t.co/vGNsSPyFKy,18
"It‚Äôs too late for the victims in Las Vegas, but it's not too late to prevent more innocent Americans from becoming victims of gun violence.",1
Just heartbroken for innocent victims of Vegas murderer.  Ppl at a concert shouldn't have to run for cover. Unspeakable tragedy.,16
RT @RayLong: Pollution may rise  with Rauner EPA moves to rescue coal plants https://t.co/Rr3o0rPdGa @scribeguy,9
"RT @akhansemi: Happy #NationalTechiesDay! At AKHAN, our investments into diamond research are enabling &amp; defining the next generation of SE‚Ä¶",9
Don't miss intvu with @POTUS from @WhiteHouse Sat 8pm et on debut of @GovMikeHuckabee on @TBN https://t.co/8LVt6N7bGP,16
Today is Knock Out Opioid Abuse Day. Join the conversation and help bring this lifesaving message to your community‚Ä¶ https://t.co/7fcAdsWmnG,8
"@UDBidenInst @PennyPritzker @Airbnb @LinkedIn On the @UDBidenInst blog, @LinkedIn's @allenb says better data &amp; ment‚Ä¶ https://t.co/nYBJks88sg",7
Let‚Äôs ensure that young people who have been displaced by these storms can continue their college education.,5
RT @rareliberty: .@RandPaul: No more Obamacare-lite bills ‚Äî we must have real repeal https://t.co/P4BMZWIYrK,24
"Veterans have been clear that they support strengthening the V.A., not slowly dismantling it by directing resources‚Ä¶ https://t.co/YvsG9Xpf0y",1
"A time for gathering and giving thanks to the bountifulness of nature. 
 
To all who celebrate, wishing you a joyous #MidAutumnFestival",5
"Even hyper-liberal tech elites don't want top-down government.
https://t.co/M6usDgwKTb",14
"RT @Indiana_EDC: In #Indiana, we‚Äôve methodically created a business environment where conditions are set for success. #AStateThatWorks http‚Ä¶",21
RT @AggieCorps: @SenTedCruz and the First Lady of Aggieland #gigem https://t.co/rgMg2UG7tj,23
https://t.co/iWFACDwAHg,15
It‚Äôs a really awful situation in Puerto Rico &amp; our fellow Americans need help. Proud to be Commander in Chief of ou‚Ä¶ https://t.co/t56z0SFVCw,8
"RT @Indiana_EDC: Indiana's unemployment rate, 4.2%, hits a 15-year low, standing below the nat'l average &amp; all of #Indiana's neighboring st‚Ä¶",21
"Nice articles from local Nashville papers about debut of @TBN show--starts at 8pm et 2Nite!  https://t.co/Kbmgk0GSEX
https://t.co/Kfw0ZN5fg0",16
"The White House is about to roll back mandatory birth control coverage by your insurance plan.
 
NY will not go back https://t.co/GK3SqhswrV",5
Those pushing gun control before bodies in Vegas are identified-read this from a long time gun control advocate:  https://t.co/iLyNIRhWYl,16
"Southern Florida chose a proven leader and consensus builder yesterday. Congratulations to @Annette_Taddeo, Florida‚Äôs newest State Senator.",7
RT @jackhunter74: Raising Taxes On The Middle Class Is Unacceptable by @RandPaul via @forbes https://t.co/TJKRPS2h8d,24
Came by the office on my last business day to thank our great staff in the Governor's Office https://t.co/IPIjS60kW1,21
RT @ConroyDelouche: Senator @RandPaul is in Lexington this morning talking to representatives from the coal industry @LEX18News https://t.c‚Ä¶,24
RT @LisaMadigan: We must hold opioid manufacturers and distributors accountable for their roles in the nationwide opioid epidemic. https://‚Ä¶,9
Proud to be a part of this celebration #MFGDay17 #WeAreMFG https://t.co/c12MpJkM7m,22
"In Puerto Rico, Health Concerns Grow Amid Lack of Clean Water, Medical Care https://t.co/pSns5GTvPg",17
"RT @ScaryMommy: The perfect book for teaching young kids ‚Äì or, you know, the president ‚Äì how to make the world a better place. https://t.co‚Ä¶",3
"Only 11 more wins to make history. Best of luck, Cleveland! Roll Tribe! #RallyTogether",11
"RT @ConcernedVets: ""The VA must empower veterans to choose when and where to seek care."" -- @TedCruz &amp; @MarkJLucas #VAChoice https://t.co/a‚Ä¶",23
RT @INDOT: INDOT has nearly 300 #YellowTrucks out statewide treating the roads for the expected snow squalls. Please use caution when drivi‚Ä¶,21
"Well done, Mike. And abject shame on Harvard. https://t.co/SfI1HxDpdD",13
RT @ENERGY: LIVE! Touring @housebyNU at #SolarDecathlon: https://t.co/p0qfSQZEo7 @Solar_Decathlon https://t.co/ub3XjqN6fj,19
It was great to see coach Cal in D.C. today! https://t.co/yNRZbsAHvy,24
Increasing #ChildTaxCredit best way to help working families with rising cost of everything. MUST do in #TaxReform https://t.co/HSaxqz2vPL,17
We must lower the cost of electricity in Puerto Rico and take advantage of its plentiful solar and wind energy to c‚Ä¶ https://t.co/HMoymNObjA,1
Chatting with @MayorFreeman about #Harvey recovery right before we tour the damage in Port Arthur https://t.co/nNxf8ab4k2,20
I am calling on SUNY &amp; CUNY to allow college students from PR &amp; US VI displaced by recent hurricanes to attend at the in-state rate.,5
"As we reflect on the act of terror that hit Las Vegas last night, Ohio honors those lives lost by lowering flags in‚Ä¶ https://t.co/or8R2snucl",11
"The crowd fled at the sound of gunshots. 

Imagine the deaths if the shooter had a silencer, which the NRA wants to make easier to get.",3
"The year is 2017, not 1917. Millions of Americans use contraception to prevent pregnancy, avoid STIs &amp; manage health conditions.",2
.@scottforflorida is tireless in preparing his people for #irma.  Praying for all in the path of this monstrous storm.,14
"Jalal Talabani was a champion of the US-Iraq partnership and a friend, whose unifying leadership will be missed.",7
RT @STSoaring: #STSoaring as  Imperium3 NY will Establish Lithium Ion Battery Giga-Factory in Southern Tier     https://t.co/sn6oVlprjH via‚Ä¶,5
"By voting for this budget, Senate Republicans are voting to slash Medicare and Medicaid. We cannot allow this to pa‚Ä¶ https://t.co/8llQSI6fVv",1
Now is not the time to go backward‚Äîit's on all of us to stop sexual violence. https://t.co/EUh61Mjmit,7
1st music guest on @TBN Huckabee Show @ChuckNegron from 3 Dog Nite. Stunning life story &amp; great guy!  Watch 2nite a‚Ä¶ https://t.co/xPdVwCDkzv,16
Congrats to the Gurnee Fire Department for receiving the Life Safety Achievement Award for their fire prevention ac‚Ä¶ https://t.co/CtMZkeBGKH,9
@RitaCosby @POTUS @WhiteHouse @TBN Thank you Rita!  So very kind of you.  I think the show is different and fun.  All the best!,16
Thanks for having me! #YAFonCampus https://t.co/P9G8WwDGDC,15
RT @RepSchneider: Zion is unfairly saddled w/ storing our nation‚Äôs stranded nuclear waste.  Learn about the bill @SenDuckworth and I introd‚Ä¶,9
How long do we let gun violence tear families apart? Enough. Congress &amp; the WH should act now to save lives. There's no excuse for inaction.,7
RT @Bailey_Marie93: .@RepMarkWalker is present at the @AlamanceCC ceremony to celebrate the new technology center. https://t.co/HbuGtpP0Kz,22
Lt. Gov. @briancalley &amp; I have agreed to a friendly wager on the @UMichFootball &amp; @MSU_Football game #GoBlue https://t.co/3IEJHjaeqR,10
Thank you for the opportunity to serve as your governor. I know the best days for Indiana &amp; America are yet to come. https://t.co/EUZJMxGCYC,21
RT @taxreformer: Speaker Paul Ryan Explains How Tax Reform Makes Your Taxes Simpler Next Year https://t.co/4iKYeyc0vo,18
Will attend event 2Nite for @GarySiniseFound to raise $ for  vets.God bless @GarySinise who uses his celebrity to help vets-no politics.,16
"There is only one way to confront hatred and prejudice: head on. Well said, Lt. Gen Silveria. https://t.co/vQ2Aflo8Tx",7
"RT @WebbNation2016: Congratulations to @JimWebbUSA.
Named of the 100 most influential on veterans issues.

https://t.co/s9DFUfHzyo",6
"A true staple in Ohio‚Äôs economy, let‚Äôs keep it going! #OhioWorks #MFGDay17 https://t.co/BfFxSupNX3",11
@Lin_Manuel @MiamiHerald Saw they corrected headline. Has happened to me too so I know the feeling. Thank you for e‚Ä¶ https://t.co/bloJ7HbO7D,17
Thanking the staff and  volunteers at the @fema disaster recovery center in Houston https://t.co/ksocltDB71,20
https://t.co/B65D6UdrV9 via @12WCV &amp; @IJRopinion,6
Important week for the pro-life movement‚Üí The House passed #MicahsLaw prohibiting abortions on babies after the 20-‚Ä¶ https://t.co/ErQWq8LfkL,18
"RT @GovWaste: .@RepMarkWalker: ""At the very least this year Congress must get true, genuine tax reform accomplished."" https://t.co/9nHyXQuV‚Ä¶",22
RT @SteveScalise: What a memorable birthday! I threw the first pitch at tonight's @Nationals vs. @Cubs #NLDS game! https://t.co/1F7XrRGwiP,22
"Celebrating independent speech, worship, and association; independence from autocracy; these defining rights and more won at great cost.",13
This is a GOP tax plan? Possibly 30% of middle class gets a tax hike? I hope the final details are better than this. https://t.co/lcjkI4YRz8,24
Bill Clinton reminds media that he won by a ‚Äúlandslide‚Äù in electoral college. Let‚Äôs remember he won only 43 percent of the popular vote.,6
"Coming up, watch my announcement on the second phase of the Barnegat Bay cleanup plan LIVE from Cattus Island Count‚Ä¶ https://t.co/YQmZNvyi8L",8
"As my time serving as your governor comes to a close, a few thoughts on what we have accomplished together: https://t.co/82EpzoGlCh",21
"I‚Äôve ordered all State buildings to fly flags at half-staff today, in recognition and mourning of the victims of th‚Ä¶ https://t.co/rWKll5lAxU",8
"New @TBN show airs again at 11pm ET and Sunday at 8 and 11pm ET as well.  To find channel, go to channel finder at  https://t.co/XzuNVFAqJv",16
Honored to do the coin toss at the #AirForce #Navy game today. Always enjoy spending time with our #ArmedForces God‚Ä¶ https://t.co/sck9uOdIu5,19
RT @journalnews: .@SpeakerRyan touts #GOP tax plan during visit to Maryland factory https://t.co/skC6B8IOCt @AP https://t.co/bvfyY4AdYp,18
"In 2016, 227 companies detailed location/expansion plans in IN that involve $3.7M in investment and 20,320 new jobs. https://t.co/PEhioLII4P",21
Praying for the victims and first responders in Las Vegas and our country right now. This shooting was a horrible and cowardly act.,24
Proud of our @NJSP for answering the call to help our friends and family in Puerto Rico.  #JerseyPride https://t.co/PYcXmeyNnc,8
You can tell a lot about a society by how we treat the most vulnerable. What does it say when kids' health takes a‚Ä¶ https://t.co/GRoiTcZfEJ,3
Thanks @SenDuckworth &amp; @RepSchneider for sponsoring legislation to provide aid to towns that store nuclear waste.‚Ä¶ https://t.co/7btcoInrdL,9
The Ohio National Guard is heading down to Puerto Rico to assist in relief efforts. Stay safe and God bless! https://t.co/dwaV0GtY0i,11
"RT @DailyCaller: Senator Mike Lee writing for The Daily Caller: Republicans Must Deliver Tax Cuts For Working Families

https://t.co/fOvVQc‚Ä¶",24
Families are the cornerstone of American life and our economy. I support an increased child tax credit‚Äîtax reform t‚Ä¶ https://t.co/KY4ydL0Ecy,17
"My love and prayers go out to my good friends John and Cindy, as well as Meghan and the entire family.",15
Republicans Must Deliver Tax Cuts For Working Families - The Daily Caller https://t.co/MspaaLc6L8,24
.@AnnDRomney and I are praying for a speedy recovery for @SteveScalise and those injured this morning‚Äôs shooting in Alexandria.,13
"RT @MeetThePress: .@JimWebbUSA to the Democrats: ""You've lost white working people. You've lost flyover land."" #MTP",6
"Across New York, we're making strategic investments to support green technology and fight climate change. https://t.co/4LqHYGMrAG",5
RT @MiTalentOrg: .@LCCStars Dean Mark Cosgrove on why investments like @onetoughnerd's CCSTEP grant pay off for Michiganders #MIMfgWeek #Go‚Ä¶,10
@valsthewoman Not the same rules. Block grant allows states to spend money to set up a completely different approach. Broad flexibility.,12
"With all vigilance guard your heart, for in it are the sources of life. Proverbs 4:23",17
"This Administration is rolling back a century‚Äôs worth of progress for women. #HandsOffMyBC
https://t.co/uvZuEtaeqA",5
The Senate should scrutinize this nomination closely: https://t.co/Jl6HbYbPxx,23
"@UDBidenInst @PennyPritzker @Airbnb @LinkedIn Following @UDBidenInst‚Äôs forum on work, @Airbnb's @bchesky writes how‚Ä¶ https://t.co/qM8kvrbNuD",7
@JoeDeFeliceHUD @HUDgov What a great trip!,20
"RT @NYGovCuomo: This hateful position has no bearing on New York State.

We will continue to protect the rights of LGBTQ workers.
https://t‚Ä¶",5
"Examining the recent debate about President Andrew Jackson, Jim Webb wrote a piece for Monday's @washingtonpost. We'll share it in the a.m.",6
Real reason 2B @WhiteHouse is checking on @PressSec and to tape @POTUS for @TBN show of course https://t.co/Ea3ug1vwJX,16
Must read to understand how more people will get better coverage under #GrahamCassidyŸê  https://t.co/amRQZ2dHyE,12
Don‚Äôt let anyone make you feel alone. We are with you and Puerto Rico. https://t.co/CxI1eRXJ8L,3
Emergency room visits hit all-time high during ACA implementation https://t.co/ad40R57oMJ. Now who is the dolt? Pas‚Ä¶ https://t.co/TDZaYRtZDG,12
"RT @MeetThePress: ""They're looking toward 2018 and they don't have a message."" - @JimWebbUSA on the Democratic party. #MTP",6
RT @votedianeblack: Ummmmm...x2 https://t.co/BirI52GLpE,14
"RT @SenateDems: Senate Republicans continue to say they aren‚Äôt *really* cutting Medicare and Medicaid. 

Yes, they are. 

via @SenSanders h‚Ä¶",1
Access to birth control is about freedom &amp; the ability to plan &amp; build a future. This attack on basic health care is wrong.,2
RT @Indiana_EDC: #TBT: @GovPenceIN joined @GEAviation to announce the company's plans to open a new $100M jet engine assembly facility in #‚Ä¶,21
RT @jimmykimmel: If you too are disappointed in Sen @BillCassidy #GrahamCassidy let them know it - call (202) 224-3121 https://t.co/eswlh6B‚Ä¶,3
"RT @WaysandMeansGOP: ""Today, we are presented with a once-in-a-generation opportunity, and we must act."" ‚Äì @RepMarkWalker
#TaxReform
https:‚Ä¶",22
I‚Äôm heartsick for people in Nevada &amp; across the country who woke up to this news &amp; are worried that their family &amp; friends are ok.,2
"The federal government cannot turn its back on our fellow US citizens who are stranded without food, water, electricity &amp; medicine.",2
Donate here: https://t.co/KjE0F4A2KJ https://t.co/GsWWDkuVRb,14
"When people ask me what we should do now, my answer is clear: The most important thing you can do is vote in every‚Ä¶ https://t.co/SKY1zOjDK7",3
"RT @EnergyDepSec: Manufacturing drives our economy. We work w/ industry to help companies innovate, dominate ‚û°https://t.co/TUKYDojVQJ #MFGD‚Ä¶",19
.@dougducey thank you for all the work you did to improve #GrahamCassidy and for taking the lead for better healthc‚Ä¶ https://t.co/8AFuxB7lU7,12
Surreal. Margot Robbie tattooing man on live TV. The look on Harrison Ford's face--Han Solo speechless-is priceless. https://t.co/tMJ96fqneU,23
RT @realDonaldTrump: Will be joining @GovMikeHuckabee tonight at 8pmE on @TBN. Enjoy! https://t.co/Y5hGPpYZfl,16
I enjoyed the debate. Thank you @yaledailynews https://t.co/RiIel0tMV2,14
"RT @senorrinhatch: NEWS: Hatch, @SenMikeLee, @tedcruz, @sendavidperdue, and @RandPaul introduced a bill on criminal intent reform. https://‚Ä¶",24
"Health insurance for 330,000 children in New York will expire if Congress doesn‚Äôt renew CHIP. https://t.co/H2Gpo0tBFb",5
"Hardworking Americans, like those at @HarleyDavidson, is what #TaxReform is all about: more jobs, fairer taxes &amp; bi‚Ä¶ https://t.co/qg3UqEh43z",18
Congrats to the @astros for another great win! #EarnHistory https://t.co/sCD917rTeO,23
"#E2Summit17 is in the books. Thanks to our speakers, attendees, and volunteers for another great year in Deer Valle‚Ä¶ https://t.co/jbAg0jVoBL",13
We are worried sick about our brothers and sisters in Puerto Rico and the US Virgin Islands. We must act NOW. https://t.co/1ESchwlqZF,2
"RT @TexasGOP: (‚Ä¢_‚Ä¢)
&lt;)   )‚ïØ@JusticeWillett 
 /    \

\(‚Ä¢_‚Ä¢)
 (   (&gt;   FOR
 /    \

 (‚Ä¢_‚Ä¢)
&lt;)   )&gt;  5th U.S. Circuit üá∫üá∏
 /    \
https://t.co‚Ä¶",23
RT @alexandraheuser: @RickSantorum #CNNSOTU here's the story the Democrats have finally stood up and admitted that Obamacare is a failure.,12
"Patriot, Uniter, Leader, Hero. https://t.co/Lf4WTO301f",13
Ann and I pray for the dead and wounded in the Las Vegas massacre. Grateful for the heroes who risked their lives to help the innocent.,13
We can celebrate Harriet Tubman without disparaging Andrew Jackson https://t.co/Fiio3K7cwx #WebbNation https://t.co/gee3ERkET0,6
The new CEO of @WellsFargo is testifying before the @SenateBanking Committee. Watch the whole hearing live now: https://t.co/nm6TAiiTU6,2
Talking #Harvey recovery with @HUDgov Houston staff https://t.co/H3KvymSDDt,20
.@MISupremeCourt Justice Joan Larsen is an outstanding judicial nominee - a great choice by @POTUS &amp; @VP for the Si‚Ä¶ https://t.co/fON1JwNOc3,10
"@realDonaldTrump @DeptofDefense @fema Still a long road ahead, but things really starting turning since Gen. Buchan‚Ä¶ https://t.co/nx0YGDDifb",17
Now is the time for President Trump to stop his insulting tweets. Now is the time to rebuild Puerto Rico. https://t.co/JmCfxALg8g,1
RT @ReadyHarris: FROM @FEMARegion6 | #Harvey survivors should stay in touch with FEMA. For more info go to https://t.co/ODtUp3fLUS https://‚Ä¶,23
Follow @E2Summit for official updates from #E2Summit17 in Park City. https://t.co/lxQDaMPUDN,13
About to question @WellsFargo CEO Sloan about his role in the massive fake accounts scandal. Watch live now: https://t.co/nm6TAiiTU6,2
Our friends at @IndivisibleTeam explain what's happening and what you can do (need to do!) to stop it. https://t.co/p0lfJQAro9,3
"Today, I signed executive order #233 so that New Jersey can move more efficiently to help Puerto Rico in its recove‚Ä¶ https://t.co/qUZGMgydG6",8
"$20.2 trillion. Is it not a moral injustice to leave this level of debt to the next generation? Today, it is time t‚Ä¶ https://t.co/7Ak47E5EiZ",22
Congrats @AlamanceCC! https://t.co/GLgyNj7BJG #NC06,22
"After the Las Vegas attack, Ohio and all of America is shaken. Together, I know we can overcome this tragedy. https://t.co/kEnn6ho741",11
The Republican budget cuts Medicaid by over $1 trillion and Medicare by $473 billion over 10 years. Mr. Trump: prom‚Ä¶ https://t.co/v35HjSEpTb,1
About to tape 1st show @TBN Nashville that airs Sat and Sun 8pm et. @realDonaldTrump is first guest.  Here's our th‚Ä¶ https://t.co/gQOb5ce4tJ,16
The idea that over 20 American Embassy personnel could be severely injured in Cuba &amp; the Cuban govt. not know about‚Ä¶ https://t.co/lBA32kcVnO,17
"RT @MeetThePress: .@JimWebbUSA:""There is an aristocracy that pervades American politics."" #MTP",6
Thanks to all who watched 1st edition of new show on @TBN and thanks to @realDonaldTrump for being my 1st guest! Maybe @PressSec swung that!,16
Recorded my farewell message for Hoosiers today in my office at the Residence. Check it out this weekend in local p‚Ä¶ https://t.co/QpEXZ4MozO,21
"Since making job creation a focus again, MI has ranked #1 nationally for creating new manufacturing jobs 4 of the l‚Ä¶ https://t.co/ADdNYDQGsi",10
"RT @PhilippeReines: As the world sees the worst of us this tribute to Anita Datar who died as the best of America reminds us who we are.
ht‚Ä¶",3
Great synopsis dispelling myths and extolling the benefits of #GrahamCassidy. Call your senator now 202-224-3121.‚Ä¶ https://t.co/ZUj2LqcrCG,12
These millionaires want President Trump to know there is nothing patriotic about shifting the tax burden onto the m‚Ä¶ https://t.co/nvFojqwQCG,1
Conservatives are still fighting for free-market reforms to the health care system. https://t.co/OuKImuC5Zd,24
"Keep my commands and live, and my teaching as the apple of your eye;Proverbs 7:2",17
"In DC to interview @realDonaldTrump as 1st guest on new TV show debut Sat, Oct 7-8 at 8pm ET on @TBN  https://t.co/XzuNVFAqJv",16
Ummmmm... https://t.co/B2WvUV5cH6,14
Proud to support @BarbaraComstock for #VA10 tonight! https://t.co/YjgE7uVg4p,15
About to question the former @Equifax CEO about his company‚Äôs inexcusable data breach &amp; response. Watch live: https://t.co/QGWCNeXZnq,2
"@realDonaldTrump If you didn't like that book, try this one ‚Äî some good lessons in here about working together to s‚Ä¶ https://t.co/RgAMz2w1FE",3
Celebrating #MFGDay2017 with a ribbon cutting for the LIFT &amp; IACMI R&amp;D facility in Detroit. https://t.co/1B4av0HwFJ,10
Happy National Manufacturing Day! Michigan is #1 in the nation for creating new manufacturing jobs - let's keep it‚Ä¶ https://t.co/gKw91oH6qG,10
Talking with those seeking assistance at the @fema disaster recovery center in @Cityofbmt https://t.co/RIXjFXmUq9,20
Sen. Rand Paul: Cut Taxes For All! https://t.co/2bPV28uXjA,24
Michigan is the world leader in manufacturing &amp; this institute will help our state continue that great legacy.‚Ä¶ https://t.co/CbSUTgKl78,10
"As convergence between the tech &amp; manufacturing sectors continues to grow, #STEM education becomes even more import‚Ä¶ https://t.co/phVrQonTEv",10
RT @ShopFloorNAM: A special Manufacturing Day message from @SpeakerRyan! #MFGDay17 https://t.co/P5N9mTIpEh,18
"Racial prejudice, then hate, then repugnant speech, then a repulsive rally, then murder; not supremacy, barbarism.",13
Celebrate National Seat Check Saturday tomorrow from 12-4pm at 6601 Route 132 in Gurnee and make sure your child is‚Ä¶ https://t.co/fRlo7P1gGj,9
"RT @WaysandMeansGOP: Our unified #TaxReform framework directs real tax relief to American families who are working hard to get ahead.
https‚Ä¶",18
I appreciate the incredible investment that these two R&amp;D institutions are making in MI and the city of Detroit.‚Ä¶ https://t.co/3EXS253tBi,10
Last week I had the pleasure to meet @kylemaynard - a true leader. (2/3),15
"Having created a natl inflection point of consequence, POTUS must apologize &amp; repudiate the racists. Full statement: https://t.co/6QXd9LWIE3",13
RT @chicagotribune: Rauner vetoes privacy bill meant to protect cellphone users from having location information used without consent https‚Ä¶,9
RT @EIAgov: ICYMI: U.S. crude #oil and #petroleum product #exports reach record levels in the first half of 2017 https://t.co/dgYQPM9MZt  #‚Ä¶,19
"RT @astros: LET'S GO

#EarnHistory https://t.co/lWiXe9BE6K",23
Meeting with students who are learning coding &amp; computer science being taught at East Lansing H.S. with help from‚Ä¶ https://t.co/WA0uosjr0w,10
RT @ENERGY: #HurricaneNate is threatening the Gulf. Here are a few tips to prepare for an energy emergency before it strikes ‚û°Ô∏èhttps://t.co‚Ä¶,19
"RT @NYGovCuomo: Health insurance for 330,000 children in New York will expire if Congress doesn‚Äôt renew CHIP. https://t.co/H2Gpo0tBFb",5
Touring @bhset in Beaumont https://t.co/nkXrjy5OLY,20
RT @patriotmom61: .@RickSantorum Explains the Graham-Cassidy Healthcare Plan With Mark Levi... https://t.co/UKyzjpPQjS #GrahamCassidy #tcot‚Ä¶,12
"Use of ""bump stocks"" is illegal in New York State. 

@POTUS and Congress must support a ban on devices that allow automatic rifle fire now.",5
Here‚Äôs what happens to cities devastated by hurricanes after the cameras leave: https://t.co/SDTWtZJOTJ,1
With @GovAbbott talking with the workers rebuilding Port Arthur https://t.co/20BIogqG4Y,20
"RT @astros: The best photos and moments from our Game 1 ALDS win! ‚ö°‚ö°‚ö° #AstrosMoments

#EarnHistory https://t.co/E8OAgAmmmx",23
The United States must step up to this challenge. The future stability of East Asia depends on it. https://t.co/TtGXw9kk8H,6
About to be a guest on @CBSThisMorning. Tune in to @CBSNews at 8:30AM ET!,11
In Sea Girt today for the National Guard‚Äôs Annual Military Review where I talked to some of our soldiers who are de‚Ä¶ https://t.co/Wm3ltVb9TI,8
#NationalLabs do big things with big data. Learn how @Argonne is mapping every neuron in the brain!‚Ä¶ https://t.co/4KSUcDmAIR,19
RT @MrJoshPerry: Do Planned Parenthood next https://t.co/Cnp3N8yLB8,23
Looking forward to speaking with @MariaBartiromo at 8:30am this morning live on @FoxBusiness,15
"Taking the stage at Stanford to talk about threats to western democracy - and what we can do about them. Tune in!

https://t.co/MrcTGrggCa",3
RT @SenTedCruz: Tune in to my live remarks w @NTU on my Facebook page -&gt; https://t.co/J4CWTfCyHd,23
We've moved: follow Presidential Candidate &amp; former Maryland Governor Martin O'Malley @martinomalley!,4
@MattFriedmanNJ The bill I called for was not the bill they passed. #factcheck you,8
RT @EnergyVeterans: Surprise no longer. We are proud to host @SecretaryPerry as our opening Keynote at #VIE17. https://t.co/bJ2uL7FX1y,19
"RT @OhioDevelopment: At almost 18%, #manufacturing's contribution to Ohio's GDP is greater than that of any other industry sector. #MFGDay1‚Ä¶",11
Made in Michigan means something. #MiMFGWeek | via @MEDC https://t.co/vywPHsoEmV,10
RT @DrBiden: Inspired by teachers around the globe who help students like these in Zambia reach their dreams. #WorldTeachersDay https://t.c‚Ä¶,7
Among those most damaged by the current tax code are North Carolina families. We are going to fix that! #TaxReform https://t.co/VOrXTZmZZg,22
"RT @RepKristiNoem: #FBF to the days of #OregonTrail. Computers and computer games have changed, but our tax code hasn't. Time for an update‚Ä¶",18
RT @CBSNews: AHEAD: Ohio Gov. @JohnKasich will join @CBSThisMorning live. https://t.co/ujqFL8TcgC,11
My letter to the people of Texas on #Harvey relief https://t.co/YV6cimdPGf,20
RT @benpowelltv: NOW: Interviewing @RepMarkWalker before he attends private fundraiser with @POTUS tonight in @greensborocity. @WFMY https:‚Ä¶,22
"The nanny state lives...
https://t.co/b1Xow9Gf5q",14
Will be on @TheStoryFNC tonight at 7pmET but watch w/ your 3-D glasses as I'll do first ever cable intvu in full 3-D. Historic!,16
"Tonight, the House passed a bill would save 10,000 lives a year - the #PainCapable Unborn Child Protection Act.‚Ä¶ https://t.co/7CBF2gPDhI",22
"RT @MiTalentOrg: #DYK manufacturers in Michigan employed 600,200 workers in 2016?  Start your career during #MiMfgWeek https://t.co/rtEgGRi‚Ä¶",10
Tragic news out of Las Vegas this morning. Kelley and I send our prayers and deepest condolences to all those affected.,24
"America‚Äôs former CIA chief: ‚ÄòIf we don‚Äôt handle China well, it will be catastrophic‚Äô
https://t.co/8zEMVaEhqI",6
Proud to address the @National_Banker convention to talk about ways we can make the American Dream attainable for a‚Ä¶ https://t.co/syEAu0exej,20
". @kylemaynard is realizing his potential.
 
Watch Kyle in action here: https://t.co/nYkmTgxmD8

(3/3)",15
"On behalf of New York, congratulations to Dr. Frank of @Columbia on being awarded the 2017 Nobel Prize in Chemistry https://t.co/IwblNrP27S",5
RT @ENERGY: MAP: Track #TropicalStormNate's potential impact on U.S. energy infrastructure ‚û° https://t.co/3UHiViS6Yv https://t.co/sjHXDkFSsQ,19
Thank you to the men and women of our New Jersey National Guard for their service and sacrifice to our state.‚Ä¶ https://t.co/2E0FF0yCuH,8
RT @myescambia: ZONE INFO: Zone A - areas of lowest elevation (barrier island areas). Zone B - low lying coastal areas. https://t.co/elz64l‚Ä¶,17
"Biden is surprisingly right - should create more jobs not govt programs

https://t.co/olcjrBy4PQ",14
#FlashbackFriday I've been fighting to balance the budget since day 1 in the senate and I'll continue to do so. https://t.co/eMU0Zqr2AW,24
"What???  You mean 53 million @realDonaldTrump voters are saying ""Nananana Nananana Hey Hey Goodbye"" to swamp rats? https://t.co/12THtOO7iO",16
"Prayers for #LasVegas victims and gratitude for first responders/heroes.

https://t.co/JENjtRiylV",14
Apparently the @NicolasMaduro clown show is performing in Moscow this week. The biggest threat to Venezuela is the Maduro regime.,17
God speed my friend.  We need you back in Washington.,15
"#ICYMI: In opioid crisis, Christie provides weapons for war against addiction https://t.co/Qd3gvBqasz",8
"This is how Ohio stays ahead of the curve. What a perfect partnership.
https://t.co/BlEfcD1eWr",11
RT @ASafePlace2: Nicole Kidman Uses Emmy Speech to Shine Light on Domestic Violence https://t.co/f3DqsQFu2A via @ew,9
With @reveille at the @TAMU game tonight. Aggies did great against an amazing Bama team. Blocked punt in Q4 was tre‚Ä¶ https://t.co/UipEwAI44O,23
Today the administration ended a policy that was repugnant to our country‚Äôs tradition of religious freedom. https://t.co/Teosczzw88,23
Harvey's historic devastation has been met with historic Texas compassion and resolve. A true testament to American character.,13
"Our hearts are heavy for the victims of the terrible attack in Las Vegas, their families and for all who have been affected.",11
Enjoyed visiting with my friend @bobschieffer this morning. Watch a clip from my @CBSThisMorning interview here:‚Ä¶ https://t.co/82PGYYYS2H,11
Not sure which government she's referencing. #NotMyGovernment https://t.co/XC5yds4NZP,22
Beau fought to protect the most vulnerable among us. Thanks to my friend @barackobama for honoring his life‚Äôs work‚Ä¶ https://t.co/2WsWWYPwc9,7
#leadership https://t.co/GgaBJe7trD,15
"Looking forward to participating, and encouraging Federal employees to continue giving through @CFC https://t.co/V5zQrPQO2y",20
Barack &amp; Michelle: all of the Bidens send our love today on your 25th anniversary. May you have many more years of joy still to come.,7
"Just like any other big issue, let‚Äôs get both sides in a room and figure out the right way forward. https://t.co/nzz4xxJlxC",11
"Read what can happen by giving states the flexibility in #GrahamCassidy. Better coverage, higher quality, less money https://t.co/mfufbfIWpz",12
What are the benefits of a publicly funded health care system? This Canadian doctor explains: https://t.co/L1egTYbUOO,1
Sending prayers to all who lost loved ones in the devastating earthquake. We are seeing the resilience and heart of the Mexican people.,7
It was great to join @tracybyrnes with the @TheStreet for a discussion on leadership: https://t.co/A59mP34d9e,15
This is a once-in-a-generation moment for tax reform. It‚Äôs time we prioritize American manufacturers and workers. https://t.co/XL3VKAG6WO,18
Call your senators to vote yes on #GrahamCassidy. https://t.co/P8Df8XRfgR,12
"Rolling back no-copay birth control shows a blatant disregard for medicine, science, &amp; every woman's right to make‚Ä¶ https://t.co/auDjvJxy9X",3
Trump‚Äôs electoral base &amp; genuine status as a political outsider positions him to bring two much-needed adjustments: https://t.co/wsUTWxbEh1,6
Stay up to date by following @VP for official updates. https://t.co/ryCEuaTzMZ,21
RT @Patriot_Voices: Chuck Schumer &amp; Elizabeth Warren tweeting opposition to #GrahamCassidy! Ask Senate to support here https://t.co/CGvOjWD‚Ä¶,12
#ICYMI: ‚ÄúThe Metro Area Including North Jersey Earned The Top Ranking Among Contenders Seeking To Become Home To Am‚Ä¶ https://t.co/9eq8d9Ry0h,8
"President Trump gave a strong and needed challenge to UN members to live up
to its charter and to confront global challenges.",13
"RT @Indiana_EDC: The Hoosier economy is at full employment at 4.2% &amp; there are +230,000 more people working in IN than in Jan. 2012 https:/‚Ä¶",21
"This law will prevent abuse, neglect &amp; exploitation of people with disabilities. 
https://t.co/saADYr5WcP",8
"We must raise our kids to be resilient, not a generation of victims. https://t.co/O9hbmB5gBA",14
Enjoyed the opportunity to sit down with @mariabartiromo on @FoxBusiness this morning. https://t.co/2CgCeLsGVp,15
Michael Hicks: Hoosier economy flourished under Pence https://t.co/hyIlvcJlmX,21
Awesome to celebrate #NCATHC + the great work of @WhoIsHLM @ncatsuaggies. Honored to represent this distinguished s‚Ä¶ https://t.co/A2q0NyKJko,22
"The Republican budget contains cuts that will kill people, cuts that will hurt people, cuts that should not be allowed in a humane society.",1
Great welcoming @AlamanceCC's new Advanced Applied Technology Center on #MFGDay2017. Manufacturing jobs employing m‚Ä¶ https://t.co/35OK3PU1D9,22
RT @VP: The United States of America will usher in a new era of space leadership that will benefit every facet of our national life. #NextF‚Ä¶,23
RT @patriotmom61: .@RickSantorum coming up on @marklevinshow at 7:15 pm EST to discuss #GrahamCassidy plan. Tune in! #MAGA #tcot #teaparty‚Ä¶,12
RV Manufacturer Expanding Across Three Facilities in LaGrange County https://t.co/huWYRID88A,21
"RT @KwameRaoul: It's Prostate Cancer Awareness Month.  Men, don't be scared!  Get checked!  It could save your life!  #Survivor",9
"We Veeps stick together. Jill and I, and all of the Bidens, are with you, Julia. https://t.co/JP0c2wtrJ6",7
Thrilled to have you on board! https://t.co/1lNBZLKSAt,20
"As our economy changes, so do the jobs that come with it. Ohio is making sure we‚Äôre going to be ready. https://t.co/loxshzaF1O",11
RT @RepAndyHarrisMD: Today I showed @SpeakerRyan how we do business on the Eastern Shore. Thank you Dixon Valve &amp; Coupling for welcoming us‚Ä¶,18
"@OfficialJLD Julia, you're in our thoughts and our hearts. Inspired but not surprised to see you using your platfor‚Ä¶ https://t.co/TGVruSomkN",3
"RT @SenateDems: .@SenSanders: ""In almost every instance, this budget ignores the needs of ordinary Americans."" https://t.co/05cMSpkjzR",1
"Jobs so much better than govt dependence

https://t.co/TngicdIA8A",14
"This Administration is committed to preserving the health of the Barnegat Bay for our children, grandchildren, and‚Ä¶ https://t.co/dUfdjWIFhi",8
"RT @WhiteHouse: Recovery, Relief, and Reaching New Heights: https://t.co/6VudlgC5ny",19
RT @BeauBidenFdn: Read about the devastating case that prompted Beau to train 5% of Delaware‚Äôs population in child abuse prevention: https:‚Ä¶,7
I truly enjoyed our conversation @tracybyrnes and thank you for having me. Pease keep up your excellent work at‚Ä¶ https://t.co/IcMUzc0ASu,15
Common sense suggests that we have got to do everything possible to prevent the conversion of semi-automatic rifles‚Ä¶ https://t.co/TybwukQVyF,1
#leadership https://t.co/lZV4iIZIM9,15
RT @MI_DTMB: This week 182 MI high school teams participated in round 1 of @onetoughnerd's High School Cyber Challenge https://t.co/gQ2x5nz‚Ä¶,10
"Everyone is gifted by God. Everyone, regardless of their circumstances, has far more potential than they realize. (1/3)",15
RT @RepSchneider: @SenDuckworth #STRANDEDAct would finally compensate their storage of the waste and offer tax incentives to encourage priv‚Ä¶,9
"You have been snared by the utterance of your lips,
caught by the words of your mouth; Proverbs 6:2",17
"For the Little Sisters of the Poor &amp; others facing similar persecution for their religious faith, this announcement is a significant victory",23
"Spoke to my friend Jim Murren, so proud of the men and women at MGM Resorts. #VegasStrong",7
Tragedies like Las Vegas have happened too many times. We need to have the conversation about how to stop gun violence. We need it NOW.,2
National Seat Check Saturday is the perfect opportunity to get your kid's car seat checked. Stop by 6050 Gurnee Mil‚Ä¶ https://t.co/OysDQMBXTx,9
"RT @Indiana_EDC: #INin2016: #Indiana ranks No. 1 in the nation for infrastructure, supporting our thriving #logistics industry. #RoadsMeanJ‚Ä¶",21
We‚Äôre revolutionizing how people can get well-paying jobs. These partnerships allow people to earn while they learn. https://t.co/RcNA5Izvkk,11
RT @TexasCruzer: Job growth brought this family to Texas recently. They loved learning about their new Senator and can‚Äôt wait to vote for h‚Ä¶,23
I have more questions for @WellsFargo CEO Sloan about his plans for his lower-level employees. Watch now: https://t.co/nm6TAiiTU6,2
Looking forward to speaking about leadership at tonight‚Äôs @awbolympia event! #AWBsummit17 https://t.co/mFkuaJGkEV,15
"Disgraceful. Pathetic. I have a few things to say about Trump's tax proposal.
https://t.co/f6o46SMDtm",1
There is no reason for any civilian to own an automatic weapon.,1
America is stronger when we unite to achieve a common goal. Looking forward to talking w/@JoeBiden about how we can‚Ä¶ https://t.co/3ohqRZHstr,11
"It‚Äôs still a great country full of great, wonderful people. 
https://t.co/RkrigLyR6f",14
"RT @MeetThePress: .@JimWebbUSA: ""The Democratic party...has moved very far to the left."" #MTP",6
.@NicolasMaduro better get back to #Venezuela from his global begging tour. Druglord @dcabellor making moves to replace him as next dictator,17
"It's about time. Ladies, start your engines! https://t.co/OCWVkEtFYE",3
"RT @FoxBusiness: .@SpeakerRyan on #TaxReform: ""The purpose of tax relief is give middle income tax payers a tax cut. Give them a tax break.‚Ä¶",18
"Great visiting with @USNA superintendent Vice Admiral Walter Carter Jr. &amp; my son-and-law, Lt. Commander Brett Harri‚Ä¶ https://t.co/RYDLpKQb6A",19
".@VP Pence in @WSJ: ""Under President @realDonaldTrump, America will lead in space again.‚Äù https://t.co/MFGyGLE7eq",22
RT @WesternAreaPowr: Oct. 5: Power restoration aid for #USVI St. Thomas' 34.5-kv transmission system continues w/@fema &amp; @ENERGY| Read - ht‚Ä¶,19
"It's Friday!   In honor of the weekend, here's a throwback to Slade's summer fun. https://t.co/zMV9ZmXPI2",14
"Despite the Trump administration‚Äôs destructive efforts, we will not stop fighting for women‚Äôs rights and full reproductive justice.",1
"RT @MeetThePress: Jim Webb on Trump: ""This is an attempt to pull different types of Republicans into the system"" to payback the voters who‚Ä¶",6
"There will be a Lake County Veterans Employment Workshop on Tuesday, September 26th in Waukegan. Call 847-377-3467‚Ä¶ https://t.co/r857FrwrVf",9
"RT @ENERGY: #Maria update: 
‚óæPR: At least 10.7% of customers have power
‚óæUSVI: Power restored to 10.5% of St. Thomas customers
https://t.co‚Ä¶",19
#TexasStrong: The 41st president is putting on a Texas-size fundraiser https://t.co/4PnuWJwbnD,23
Looking forward to being on @CBSThisMorning at 8:30AM ET on Thursday. Hope you can tune in! https://t.co/rkCHuhrGSd,11
Cut Taxes For All! https://t.co/GJs1oEOBkm,24
"Oct. is Breast Cancer Awareness Month in MI, &amp; First Lady Sue Snyder is continuing efforts to raise awareness.‚Ä¶ https://t.co/WySUG7CjkI",10
"Today, October 7, 2017, Ohio celebrates the first annual Moses Fleetwood Walker Day. https://t.co/gvOXb7GU1l https://t.co/pjogY2CBxj",11
Congratulations to Jon Huntsman Jr. on confirmation as Ambassador to Russia. His experience and clear-eyed resolve are badly needed.,13
"Statement on Webb USNA Award by Capt. Gary Storm, USN (Ret) President, Naval Academy Class of 1968 https://t.co/WCiXgAI2Lr",6
RT @RepSeanDuffy: Super cool video from @SpeakerRyan at @harleydavidson about the need for #TaxReform! https://t.co/mhzSy2Ac3c,18
RT @SenateGOP: .@SenateMajLdr: #TaxReform is about getting America going again and growing again. Providing jobs and opportunity here rathe‚Ä¶,18
RT @jweisswolf: https://t.co/Do7gicHsBD #menstrualequity in Illinois schools! Well done! @SenatorBush @JulissaFerreras @RepGraceMeng,9
Companies will be able to come to this facility to test new machinery without shutting down their own production li‚Ä¶ https://t.co/nnwtaZ8MIS,10
"Thanks, @ConcordC for the recognition! https://t.co/j5ykF9sKjJ",11
".@RandPaul voted for ""skinny"" repeal that kept more ACA taxes than #GrahamCassidy, but opposes GC because it doesn't repeal all ACA taxes???",12
"Steve Scalise‚Äôs strength and resilience  inspire all of us. Good to see you back on the job, Steve.",7
.@FirstLadyIN and I wish you a very Merry Christmas and a prosperous New Year. https://t.co/hiYwkCHDFb,21
This facility will help inspire the next great generation of MI manufacturers! #MFGday17 https://t.co/dIHOwKvMvM,10
"Proud to join Senators Hatch, Lee, Cruz and Perdue for criminal justice reform. Read more here:‚Ä¶ https://t.co/mpl7qeTaEx",24
"While you may not agree with him every time, there is no doubt that John is a leader of unwavering courage, principle, and honor.",15
"No, not the same. One side is racist, bigoted, Nazi. The other opposes racism and bigotry. Morally different universes.",13
RT @EnergyDepSec: Meet the @SLACLab dark matter radio DJs unlocking mysteries of our universe ‚ûú https://t.co/ZgGeN4XReB #ScienceSaturday (v‚Ä¶,19
".@SenJohnMcCain‚Äôs patriotism and courage are vital to the nation. With the fearful news tonight, Ann and I pray for his recovery.",13
Congrats to @karenhandel on a big win in #ga6 tonight! We need more leaders like Karen in Washington.,13
Enjoying a quiet moment on our last Sunday morning at the Governor's Residence https://t.co/1oqBL3LN82,21
"To our friends observing Yom Kippur, Gmar chatimah tovah!",8
"RT @ENERGY: It's official! üéâ

@EnergyDepSec Dan Brouillette kicks off #SolarDecathlon 2017 ‚ûú https://t.co/wgVCSC7U1s‚òÄüè† https://t.co/m6PZUrA‚Ä¶",19
Expanded access to the opioid overdose reversal drug Narcan will save lives. #twill https://t.co/qVWKYQxPae https://t.co/nFpuUIZyl3,9
We can expand opportunity by lifting up our fellow Americans &amp; by responsibly empowering minority home ownership https://t.co/jnCB7bC4Uh,20
We don't need Captain Obvious to tell us Washington has a spending problem. Now is the time to act‚Üí‚Ä¶ https://t.co/oNIyJA0lvD,22
Enough is enough. The credit reporting industry is broken. I want consumers to have control of their own data ‚Äì not‚Ä¶ https://t.co/PZLAf2lm8R,2
"RT @FoxNews: .@RandPaul: ""There's probably been no more vocal opponent in Washington than myself against ObamaCare."" https://t.co/2zIF0leGTE",24
RT @SenDuckworth: .@RepSchneider &amp; I intro‚Äôd a bill to help communities like Zion struggling w/the impacts of nuclear waste‚Äîread here https‚Ä¶,9
But to say entertainers doing more for #PuertoRico than military @FEMA &amp; local responders is inaccurate &amp; unfair https://t.co/8xJ9oQdVOg 2/2,17
The fmr CEO of @Equifax is testifying before the @SenateBanking Committee this morning. Watch the hearing live here: https://t.co/QGWCNeXZnq,2
It's #GrahamCassidyŸê or Berniecare. Even Bernie agrees Ocare is a failure why else would he propose a new system.  https://t.co/v0ljXWXlpP,12
"RT @RepKHandel: Our #TaxReform makes the code simpler, so everyone can understand their taxes and file their return on a postcard:
https://‚Ä¶",18
"Being ""orthodox Catholic"" shouldn't disqualify Barrett from being a judge. 

https://t.co/zXH7xgLabI",14
"I will not stand by as the lives of 42,000 New York dreamers are destroyed. https://t.co/c49rla3mgB",5
Happy to have been part of an effort to end his aggravation permanently. Let's help put him out of his misery - hel‚Ä¶ https://t.co/NjIc10Q0Ah,12
.@CSAInitiative Grant applications are due Oct. 19. #MISaferCampus https://t.co/maJptK908H,10
"Safety comes first, eh?  In America we call this private sector initiative. https://t.co/AeBnsov6tL",14
In NW Florida especially Pensacola conditions will deteriorate throughout the day as #HurricaneNate approaches.Be careful &amp; be ready #Sayfie,17
"Spoke this morning with @SenJohnMcCain re: his health, tax reform, Syria. A true ""Timex hero‚Äù: He takes a licking and keeps on ticking.",13
Great win by the @astros tonight! #HoustonStrong #EarnHistory https://t.co/qyHl0LkC3R,23
"Congratulations to my friend @EdWGillespie on his #VAgov primary win. Here's to electing strong, conservative leaders in November.",13
New York is suing to protect the dreamers and the state's sovereign interest in the fair and equal application of the law.,5
"RT @MeetThePress: .@JimWebbUSA: ""The message that has been shaped by the Democratic party has been based on identity politics."" #MTP",6
"Universities can best pursue justice by pursuing truth.
https://t.co/pj17M4RQwK",14
"RT @FDRLST: Jim Webb Addresses America's Elites, Trump, And Foreign Policy https://t.co/BWh8ygswfy",6
What @realDonaldTrump gets RIGHT about media-he discusses w/ me tonight on debut of @GovMikeHuckabee show on @TBN   https://t.co/8H2fNSDMDe,16
With @GovAbbott &amp; @georgepbush talking about the mold damage that has occurred as a result of #Harvey https://t.co/GBflU3UTPT,20
"Probably a good time to use ""Let me rephrase that"" : https://t.co/8StGLQWTHP https://t.co/OrNvs0cOtz",17
"RT @AnnRomney: This week, our granddaughter returned from her mission in France. So glad to have her home &amp; so proud of her work over the p‚Ä¶",13
That 3-D appearance on @TheStoryFNC tonight? Scrubbed. You'll have to watch me on new @TBN show Saturday and Sunday. https://t.co/XzuNVFAqJv,16
"Thoughts &amp; prayers are NOT enough. Not when more moms &amp; dads will bury kids this week, &amp; more sons &amp; daughters will grow up without parents.",2
"This hateful position has no bearing on New York State.

We will continue to protect the rights of LGBTQ workers.
https://t.co/U7JIWwbMuB",5
Great to be back in Brooklyn sharing #ItTakesAVillage with readers of all ages! https://t.co/ytalprhN5p,3
"RT @WhoIsHLM: Happy 91st homecoming to all alumni, students, faculty, staff and university friends. Let‚Äôs have a fun, safe and enjoyable da‚Ä¶",22
My response to Senator Paul's distortion of #GrahamCassidy https://t.co/4I2NJ1dsS6. Call your senator to vote yes on repeal and replace!,12
"Just spoke w/ fmr Gov @luisfortuno51: ‚ÄúPR on brink of humanitarian disaster."" USVI too. DC must put aside controversies, prioritize rescue.",13
"RT @SBAList: ""We don't put a price on life. We cherish it."" @RepMarkWalker thank you for supporting life #MicahsLaw #HR36 https://t.co/3EMG‚Ä¶",22
The awful event in Las Vegas leaves us grasping for answers. Let us all pray for the victims and their loved ones dealing with grief &amp; loss.,8
"So true, should be self-evident, and yet a message that needs to be heard now more than ever.

https://t.co/yYJG3pufch",14
.@Equifax did a bad job protecting data because they had no reason to care. They‚Äôre making MORE money selling fraud‚Ä¶ https://t.co/U1g6DVMoFw,2
RT @CLINTHREED: How important is the #childtaxcredit to overall #TaxReform?  #dataviz https://t.co/rV0XbLBkcg,17
A man who wants to make sure parents of children w birth defects not the government have the power to decide what i‚Ä¶ https://t.co/WvF08rP2KO,12
This is a landmark day for religious liberty. My statement on today's good news for conscious protections ‚Üí‚Ä¶ https://t.co/rY6VpuqpXc,18
What happened in Las Vegas is a tragedy. But it's one we continue to repeat. We need commonsense legislation to sav‚Ä¶ https://t.co/TiJdqD8OzR,1
#tbt https://t.co/klPHkjXVBP,14
Hopes reignite for criminal justice reform https://t.co/jVbJueCuUk,24
.@FirstLadyIN and I wish Hoosiers across the state a happy and prosperous new year!,21
Watch my event LIVE from Trenton:  https://t.co/LgGNbWSUnZ,8
Retweet if you agree ‚Üí American taxpayers deserve a break. https://t.co/KFjOr0x2k7,18
Excited to speak with @LogCabinGOP tonight as they celebrate their 40th anniversary.,15
A fantastic example of educators and employers working together to meet the talent demand @WesternMichU @grcc‚Ä¶ https://t.co/lYGhS0YOAG,10
Statement from Sen Webb on declining award from Naval Academy Alumni Association https://t.co/kTcmGNQayR,6
"Whatever happens at the federal level, women in New York will continue to have cost-free access to reproductive health care. #HandsOffMyBC",5
Be sure to tune in to @nj1015 tonight at 7 pm for #AskGov. https://t.co/kdnMrJUi8e https://t.co/uQ4ymQVazI,8
"Our grief isn't enough. We can and must put politics aside, stand up to the NRA, and work together to try to stop this from happening again.",3
"Now that the ribbon is cut, it's time to start the tour of this incredible facility. #MFGday17 https://t.co/zvbBfkWZfQ",10
RT @ABaronello: @ISBESupt @ISBEnews why every school in Illinois should be screening for #dyslexia in k-1. @SenatorBush https://t.co/mWS6Yt‚Ä¶,9
".@WellsFargo CEO Tim Sloan enabled the bank‚Äôs massive fake accounts scam, got rich off it, &amp; helped cover it up. He‚Ä¶ https://t.co/tY9lqllIhb",2
"RT @Cubs: Seven straight wins.
18 games over .500.

Both season highs! #W https://t.co/oaevWmVpsN",9
"It was a privilege to see my friend, Eric Holcomb, take the oath of office and become the 51st Governor of Indiana.‚Ä¶ https://t.co/2sMFKBQI4v",21
"With Becky Ames, the Mayor of the @Cityofbmt, getting briefed on the damage from #Harvey https://t.co/zshJ7abtlu",20
Will be on in a few minutes. https://t.co/b4UwmyWi69,12
"President Trump, Sec. Mattis, and DOD should send the Navy, including the USNS Comfort, to Puerto Rico now. These a‚Ä¶ https://t.co/r0S8ROhWj0",3
@GarySiniseFound event In Santa Rosa Beach FL @GarySinise raises funds to build homes for disabled vets. He is REAL‚Ä¶ https://t.co/fbUUgT9qVi,16
Honored to address hundreds of @EnergyVeterans at @NRECANews event this morning in Arlington. #VIE17 #USA https://t.co/9uL3vq4U5h,19
"Indeed, the ways of each person are plain to the LORD‚Äôs sight;all their paths he surveys. Proverbs 5:21",17
Drumthwacket will be illuminated in gold tonight in recognition of #PediatricCancerAwareness Month. Childhood cance‚Ä¶ https://t.co/hPfe1PTYHx,8
RT @OhioOWT: Huge thank you to @schaefflergroup and local area chambers for hosting 200 students for #MfgDay17 tours! @ApprenticeOhio #Ohio‚Ä¶,11
I‚Äôll be holding a 2:30 Press Conference from Trenton. Watch it LIVE here:   https://t.co/LgGNbWSUnZ,8
Seeing 1st hand what @Cityofbmt did to make sure their citizens had clean water during #Harvey https://t.co/irWFACflmE,20
There is nothing quite like the @Yankees playing October baseball.  Best of luck as they kick off the #ALDS in Cleveland tonight.,5
"liberal argument for why dems shouldn't simply rely on race/identity politics.

https://t.co/4sC1lZ86uM",14
Appalled by the senseless loss of life in Las Vegas. Jill and I hold all those affected and grieving in our hearts.,7
This is nothing less than sexism. It's the latest display of Republicans‚Äô total disdain for women‚Äôs ability to cont‚Ä¶ https://t.co/D2E6NjAQeC,1
At the @NavalAcademy today observing their meal formation &amp; addressing the Brigade of Midshipmen. God Bless the bra‚Ä¶ https://t.co/koF5huDQqa,19
"Fascinating to see @RandPaul working hard to save Medicaid Expansion. Opposes #GrahamCassidy, but voted for ""skinny"" bill that preserved it.",12
Proud of Shaan and others who washed cars today @ Jeff Baptist and raised $2k for #harvey victims. https://t.co/2cHPAZSMiT,14
"RT @MeetThePress: This morning on #MTP: @SenSanders, @JimWebbUSA, @greta, @PatMcCroryNC, @Eugene_Robinson &amp; @KattyKayBBC",6
.@WellsFargo will never change if the people responsible for the fake accounts scam are still in charge. CEO Tim Sl‚Ä¶ https://t.co/BLzO7HUttf,2
Our NJ National Guard was busy today loading supplies that have been donated for relief to #PuertoRico. For informa‚Ä¶ https://t.co/Y1NYdeaDeq,8
"RT @EnergyVeterans: .@SecretaryPerry says, ""The Veterans in Energy program makes ultimate good sense."" We agree! #VIE17",19
"RT @NYGovCuomo: This Administration is rolling back a century‚Äôs worth of progress for women. #HandsOffMyBC
https://t.co/uvZuEtaeqA",5
‚ÄúBump stocks‚Äù provide an effective workaround to convert a legal weapon into an illegal one. We need to ban them an‚Ä¶ https://t.co/kDtQjN0U9C,1
"RT @NTUF: And combine that with spending reforms like Cruz's ""Five for Freedom"" proposal https://t.co/4Vi7lIbU0l https://t.co/KJkVmlJIrJ",23
Couldn't have put it better! Proud to have contributed to this book about how to @runforsomething. https://t.co/OKukSFrc7D,3
"RT @NTU: ""The only force strong enough to turn around the deficit and the debt is economic growth"" -@SenTedCruz",23
"RT @WaysandMeansGOP: Your taxes are about to get a whole lot easier ‚¨áÔ∏è
https://t.co/ZES6nqjicl",18
For 10 years he dedicated his life to defending our great nation. My heart goes out to Jeremiah‚Äôs family. Rest in p‚Ä¶ https://t.co/JUQupQPyC1,11
